,Unnamed: 0,gentrifying_pct_chg_income_homeval_educ,gentrifying_pct_chg_income_homeval,gentrifying_pct_chg_homeval,key,restaurants,food,shopping,beauty & spas,home services,automotive,american (traditional),nightlife,local services,bars,event planning & services,pizza,health & medical,fast food,active life,sandwiches
465,465,1,1,1,2017_53714,15,8,11,3,9,7,2,5,7,4,4,2,3,0,8,0
25,25,1,1,1,2013_15045,1,1,0,0,0,0,0,0,0,0,0,0,0,0,0,0
517,517,1,1,1,2016_85033,54,19,30,21,8,10,4,4,14,3,1,10,7,16,6,3
615,615,1,1,1,2014_85705,0,0,1,0,0,0,0,0,0,0,0,0,0,0,0,0
544,544,1,1,1,2013_85053,49,26,35,12,19,10,8,5,17,4,11,5,15,10,11,7
276,276,1,1,1,2013_29730,13,1,2,0,0,4,4,1,0,1,6,1,0,3,1,2
224,224,1,1,1,2014_28206,20,7,5,2,9,10,5,14,12,9,3,0,0,2,3,1
591,591,1,1,1,2014_85323,52,27,27,22,11,38,6,2,13,2,7,5,7,22,6,8
619,619,0,1,1,2015_89015,91,45,62,31,34,37,16,10,31,9,18,11,33,28,24,14
471,471,0,1,1,2016_61801,58,32,21,11,10,5,7,10,12,7,19,6,9,10,10,7
139,139,0,1,1,2016_15214,1,1,1,1,2,0,0,0,0,0,1,0,0,0,1,0
595,595,1,1,1,2013_85335,15,7,5,5,5,7,0,1,6,1,2,4,0,3,5,1
611,611,0,1,1,2014_85363,5,5,6,2,8,6,2,0,4,0,3,0,2,1,1,1
14,14,1,1,1,2013_15025,6,2,0,0,1,1,2,2,0,2,0,1,0,0,0,1
79,79,1,1,1,2013_15132,9,2,1,1,1,3,1,1,1,1,1,3,0,1,0,0
379,379,0,1,1,2016_44125,28,10,8,4,10,3,9,6,6,6,2,6,5,4,3,5
624,624,0,1,1,2014_89101,167,102,77,25,52,25,33,95,44,77,70,16,17,16,33,21
565,565,1,1,1,2013_85208,5,2,5,2,5,3,1,0,2,0,0,0,3,2,3,1
154,154,1,1,1,2016_16502,0,0,0,0,0,0,0,0,0,0,0,0,0,0,0,0
445,445,1,1,1,2013_44320,8,1,1,2,0,0,0,1,2,1,1,2,0,0,0,2
571,571,1,1,1,2014_85281,296,158,174,60,133,115,51,98,96,82,69,36,32,38,74,62
238,238,1,1,1,2013_28213,40,21,18,15,8,13,5,2,3,2,8,5,3,7,3,6
247,247,1,1,1,2016_28215,32,7,8,5,5,6,3,0,3,0,2,7,3,10,3,4
11,11,0,1,1,2016_15003,11,2,4,0,0,0,4,4,0,4,1,3,0,0,0,3
512,512,1,1,1,2016_85031,36,13,14,5,7,6,3,2,2,2,0,4,7,5,4,1
625,625,0,1,1,2015_89101,177,109,81,28,63,28,32,98,53,81,86,15,18,16,35,30
484,484,0,1,1,2016_61866,20,7,1,0,0,3,3,1,0,1,1,4,0,4,0,2
629,629,1,1,1,2014_89102,213,101,162,75,117,107,27,56,109,49,36,17,82,34,21,20
639,639,1,1,1,2014_89106,42,29,92,14,18,9,2,3,13,1,5,2,46,13,4,7
244,244,1,1,1,2013_28215,16,1,2,2,2,1,2,0,4,0,0,4,0,2,3,0
188,188,1,1,1,2014_28081,8,2,2,0,1,0,2,1,0,1,2,2,0,0,0,0
108,108,1,1,1,2015_15147,10,5,3,3,3,7,0,4,1,3,1,4,0,0,1,0
470,470,1,1,1,2015_61801,63,41,23,9,14,7,7,7,11,4,19,7,11,11,13,7
532,532,0,1,1,2016_85041,27,17,17,15,11,15,0,1,8,1,5,1,10,8,3,4
265,265,0,1,1,2017_28658,0,0,0,0,0,0,0,0,0,0,0,0,0,0,0,0
31,31,1,1,1,2013_15063,4,2,0,0,0,0,1,0,0,0,0,1,0,1,0,1
222,222,1,1,1,2016_28205,133,65,75,39,31,30,11,56,25,48,22,15,18,14,25,17
332,332,1,1,1,2014_44106,72,35,10,4,3,3,7,28,2,27,20,8,6,6,8,10
189,189,0,1,1,2015_28081,13,2,3,0,1,2,2,1,0,1,1,3,2,1,1,0
622,622,0,1,1,2013_89032,57,24,32,22,23,16,9,9,24,7,7,7,18,12,7,5
514,514,0,1,1,2013_85033,29,6,13,7,4,6,4,3,4,3,1,3,3,4,3,0
103,103,1,1,1,2015_15145,6,4,0,0,1,0,0,1,1,1,1,4,1,0,0,1
129,129,1,1,1,2016_15210,23,9,2,3,10,6,1,0,5,0,1,6,1,1,3,1
400,400,1,1,1,2013_44135,43,17,3,0,1,7,10,11,3,11,10,8,0,2,2,13
221,221,1,1,1,2015_28205,113,61,55,42,23,25,12,47,21,39,18,13,13,10,27,17
322,322,0,1,1,2014_44104,4,1,0,0,0,0,0,0,0,0,0,0,0,2,0,1
82,82,0,1,1,2016_15132,17,5,3,0,2,4,0,2,1,2,2,8,0,2,2,1
546,546,1,1,1,2015_85053,53,25,56,19,34,9,8,7,24,6,17,7,21,12,11,9
456,456,0,1,1,2013_53713,37,18,19,2,17,18,12,12,8,9,14,3,2,7,6,5
579,579,1,1,1,2017_85301,107,46,67,37,75,74,7,28,36,23,15,17,21,19,7,17
66,66,0,1,1,2013_15120,33,15,24,3,2,6,10,11,3,9,4,3,1,5,1,2
211,211,1,1,1,2013_28127,1,0,0,0,0,0,0,0,0,0,0,0,0,0,0,0
654,654,1,1,1,2014_89115,44,15,16,6,33,37,7,6,19,5,16,5,2,14,8,5
507,507,0,1,1,2015_85023,48,29,42,16,43,49,5,7,16,5,21,3,13,13,7,7
173,173,1,1,1,2014_28034,6,0,0,0,0,0,1,0,0,0,0,0,0,2,0,1
303,303,0,1,1,2016_44053,17,3,6,2,4,0,1,3,2,2,2,3,3,2,1,2
85,85,0,1,1,2015_15133,1,0,0,0,0,0,0,0,0,0,0,1,0,0,0,0
478,478,0,1,1,2015_61820,168,71,77,47,36,18,19,50,36,45,29,24,21,22,10,23
479,479,0,1,1,2016_61820,177,81,82,47,46,21,25,52,40,49,27,22,23,22,11,20
526,526,0,1,1,2015_85037,25,13,15,14,9,12,3,4,3,3,1,3,36,11,3,5
409,409,0,1,1,2017_44137,17,6,1,2,3,3,3,0,2,0,4,5,0,4,2,1
369,369,1,1,1,2016_44120,29,12,8,4,5,6,4,4,5,3,1,5,0,1,5,3
491,491,1,1,1,2013_85008,64,22,21,5,26,25,11,11,18,10,24,5,14,13,12,9
111,111,1,1,1,2013_15148,4,1,0,0,1,1,2,1,0,1,1,0,0,0,0,2
394,394,1,1,1,2014_44132,5,0,3,1,1,3,1,0,2,0,0,0,2,1,0,2
608,608,1,1,1,2014_85353,22,12,16,11,7,10,2,3,8,1,5,3,5,5,2,2
527,527,0,1,1,2016_85037,25,16,15,15,11,15,3,3,7,3,1,4,35,9,3,6
697,697,1,1,1,2016_92703,0,0,0,1,0,0,0,0,0,0,0,0,0,0,0,0
368,368,0,1,1,2015_44120,26,9,8,3,4,5,2,5,3,4,0,4,1,1,2,4
245,245,1,1,1,2014_28215,22,3,3,5,5,5,4,0,4,0,2,6,2,7,4,4
6,6,1,1,1,2015_12958,1,0,0,0,0,0,1,0,0,0,0,0,0,0,0,1
236,236,0,1,1,2016_28212,31,16,14,8,16,31,6,6,7,4,1,3,1,6,5,3
414,414,1,1,1,2013_44144,26,11,14,3,1,1,11,6,2,6,4,4,1,5,0,2
416,416,1,1,1,2015_44144,38,16,12,6,3,6,14,10,4,10,7,5,6,6,2,3
187,187,1,1,1,2013_28081,7,1,3,0,0,2,1,0,0,0,2,1,0,1,0,0
35,35,0,1,1,2014_15067,1,0,0,0,0,0,1,0,0,0,0,0,0,0,0,0
355,355,0,1,1,2017_44112,12,2,1,1,2,1,2,0,3,0,0,3,0,4,0,1
280,280,1,1,1,2017_29730,21,7,9,1,6,12,4,4,3,4,13,1,0,4,3,2
680,680,0,1,1,2016_89146,186,101,119,99,89,75,13,49,62,36,28,9,111,27,29,24
618,618,1,1,1,2014_89015,83,43,53,28,23,35,13,11,24,9,16,10,27,27,20,11
483,483,1,1,1,2015_61866,18,6,1,1,0,4,3,1,0,1,2,3,0,4,0,2
549,549,0,1,1,2013_85201,86,34,53,23,26,46,24,28,21,23,25,8,16,23,16,12
383,383,1,1,1,2015_44127,1,0,0,0,0,0,0,0,0,0,0,1,0,1,0,0
587,587,1,1,1,2015_85307,8,4,7,5,7,7,2,3,4,2,0,1,1,6,2,1
707,707,1,1,1,2016_95966,0,0,0,0,1,0,0,0,0,0,0,0,0,0,0,0
208,208,0,1,1,2015_28120,14,5,1,3,2,0,4,1,0,1,1,3,1,2,1,0
699,699,0,1,1,2013_93612,0,0,0,0,0,1,0,0,0,0,0,0,0,0,0,0
494,494,0,1,1,2016_85008,70,27,34,8,55,42,12,13,30,12,33,6,23,12,10,14
254,254,1,1,1,2013_28217,79,29,34,10,21,27,13,12,16,10,35,4,5,13,9,11
516,516,0,1,1,2015_85033,51,17,27,19,7,11,4,4,9,3,3,10,8,14,6,3
518,518,0,1,1,2017_85033,54,21,37,17,10,10,4,4,14,3,3,11,10,12,7,3
273,273,1,1,1,2013_29720,0,0,0,1,0,0,0,0,0,0,0,0,1,0,0,0
206,206,1,1,1,2013_28120,8,4,0,3,0,0,3,1,0,1,0,0,0,1,0,0
203,203,1,1,1,2015_28112,0,0,0,0,2,0,0,0,0,0,0,0,0,0,0,0
352,352,1,1,1,2014_44112,5,3,2,1,0,0,0,0,1,0,0,2,1,1,0,0
51,51,1,1,1,2015_15104,6,3,1,1,0,1,0,3,0,3,0,1,2,0,1,2
539,539,0,1,1,2013_85051,61,28,45,13,22,12,14,13,16,12,13,8,6,6,5,5
96,96,0,1,1,2017_15140,1,0,0,0,0,1,0,0,0,0,0,1,0,0,0,1
634,634,1,1,1,2014_89104,138,69,107,45,36,69,14,44,36,30,43,13,32,31,21,9
83,83,0,1,1,2017_15132,13,2,4,1,2,4,1,3,2,3,0,4,0,2,2,0
59,59,0,1,1,2016_15110,1,1,2,0,1,0,0,0,1,0,0,0,0,1,0,0
313,313,0,1,1,2015_44102,49,17,22,6,9,10,11,26,7,24,4,6,4,1,6,6
212,212,0,1,1,2014_28127,1,0,0,0,0,0,0,0,0,0,0,0,0,0,0,0
427,427,1,1,1,2016_44203,5,3,0,0,2,1,1,1,1,1,1,1,0,0,1,1
310,310,1,1,1,2013_44092,14,1,4,1,4,5,2,4,2,4,2,3,0,1,2,1
9,9,0,1,1,2014_15003,9,2,2,0,0,1,2,2,0,2,0,3,0,0,0,1
702,702,1,1,1,2016_93612,0,0,0,0,0,1,0,0,0,0,0,0,0,0,0,0
472,472,1,1,1,2017_61801,57,30,18,6,16,6,7,7,8,5,16,7,10,9,11,9
24,24,1,1,1,2017_15035,3,3,0,0,1,2,1,1,1,1,0,1,0,0,0,2
272,272,1,1,1,2017_29432,1,0,0,0,0,0,1,1,0,1,0,0,0,0,0,0
306,306,0,1,1,2014_44055,2,0,0,0,0,1,0,1,0,0,1,2,0,0,1,0
340,340,0,1,1,2017_44109,49,17,15,10,7,6,13,16,5,16,3,9,3,9,5,8
538,538,0,1,1,2017_85043,36,18,23,6,34,22,5,2,21,2,11,2,8,12,2,8
43,43,0,1,1,2017_15068,38,14,3,7,5,1,8,5,4,5,1,9,1,3,2,5
551,551,1,1,1,2015_85201,103,48,80,44,56,58,24,32,40,24,28,12,33,31,20,13
596,596,0,1,1,2014_85335,13,9,7,8,8,11,0,1,13,1,2,3,1,4,6,1
55,55,0,1,1,2015_15106,29,15,11,4,9,8,7,9,5,9,2,9,1,5,3,4
2,2,1,1,1,2017_15240,1,1,0,0,0,0,0,0,0,0,0,0,0,0,0,0
370,370,1,1,1,2017_44120,30,13,10,6,7,6,5,4,4,3,2,4,4,3,4,2
602,602,1,1,1,2015_85345,81,44,60,21,55,54,13,17,32,15,13,14,21,19,18,11
196,196,1,1,1,2017_28083,19,6,4,4,1,2,3,1,2,1,5,3,1,3,0,1
39,39,1,1,1,2013_15068,17,10,3,2,2,2,3,3,4,2,1,2,0,2,0,2
499,499,1,1,1,2016_85015,50,25,42,32,33,22,5,7,21,6,4,5,43,19,8,11
450,450,0,1,1,2014_45612,0,0,0,1,0,0,0,0,0,0,0,0,0,0,0,0
150,150,0,1,1,2013_15235,32,12,10,2,4,9,6,5,4,5,4,7,1,4,0,2
229,229,1,1,1,2014_28208,64,37,28,10,11,13,16,15,12,12,24,4,10,16,7,8
176,176,0,1,1,2017_28034,15,6,1,1,0,0,1,0,0,0,3,2,1,8,0,2
689,689,0,1,1,2015_89502,1,0,0,0,0,0,0,0,0,0,0,1,0,1,0,0
255,255,1,1,1,2014_28217,87,34,37,13,35,42,16,15,22,12,45,4,4,14,9,12
5,5,1,1,1,2017_11433,0,0,1,1,0,0,0,0,0,0,0,0,0,0,0,0
506,506,0,1,1,2014_85023,45,29,34,13,37,40,5,5,14,4,19,4,9,11,7,6
577,577,0,1,1,2015_85301,100,42,54,28,53,62,8,19,32,16,10,18,15,19,6,14
179,179,0,1,1,2015_28052,17,7,3,3,1,3,3,4,0,3,4,2,0,1,0,3
457,457,1,1,1,2014_53713,40,20,15,1,22,18,13,13,14,9,14,3,4,9,6,5
533,533,1,1,1,2017_85041,32,18,14,18,11,22,0,1,8,1,6,2,8,11,4,4
606,606,1,1,1,2017_85350,1,1,0,0,0,0,0,0,0,0,0,0,0,0,0,0
68,68,1,1,1,2015_15120,47,26,32,7,4,8,13,17,3,15,6,8,3,6,3,5
155,155,1,1,1,2017_16502,0,0,0,0,0,0,0,0,0,0,0,0,0,0,0,0
537,537,0,1,1,2016_85043,34,15,23,7,31,22,6,2,19,2,12,4,4,10,3,7
220,220,1,1,1,2014_28205,105,53,53,28,15,25,15,44,14,38,16,11,9,7,17,15
557,557,1,1,1,2016_85203,44,26,37,18,54,27,3,3,32,3,6,6,44,12,10,8
525,525,1,1,1,2014_85037,22,12,14,11,4,9,2,1,4,1,1,3,27,9,2,5
145,145,1,1,1,2015_15223,11,4,6,4,3,0,3,4,1,4,0,5,2,0,1,2
124,124,1,1,1,2016_15207,8,8,4,0,5,7,2,2,3,2,2,3,0,0,2,1
485,485,0,1,1,2017_61866,22,6,2,0,0,1,4,1,0,1,2,3,1,5,0,4
133,133,1,1,1,2015_15212,67,31,7,4,7,3,14,27,5,25,19,14,1,3,9,9
586,586,0,1,1,2014_85307,8,4,5,2,8,5,2,2,5,2,0,1,1,6,3,1
521,521,1,1,1,2015_85035,43,15,14,5,16,12,13,7,8,6,7,3,8,12,2,5
612,612,0,1,1,2015_85363,4,2,9,3,10,4,2,0,7,0,3,0,3,1,2,1
137,137,0,1,1,2014_15214,1,1,0,0,0,0,0,0,0,0,1,0,0,0,0,0
563,563,1,1,1,2017_85205,70,39,63,32,71,48,13,11,58,10,21,8,40,17,14,20
594,594,0,1,1,2017_85323,65,36,40,23,32,47,9,5,24,5,12,8,13,23,12,9
581,581,1,1,1,2014_85303,12,7,5,3,9,10,0,4,8,3,1,2,2,3,0,1
125,125,1,1,1,2017_15207,9,8,6,0,6,7,2,2,3,2,1,3,0,0,1,2
422,422,0,1,1,2016_44146,31,13,18,6,12,33,12,6,5,6,4,3,1,5,5,6
331,331,0,1,1,2013_44106,69,31,9,6,3,5,5,25,3,23,19,7,4,7,4,10
319,319,0,1,1,2016_44103,26,15,4,1,4,4,5,3,1,2,2,4,1,4,0,2
490,490,1,1,1,2017_85007,34,20,14,7,20,13,3,6,19,5,12,3,6,5,13,6
584,584,0,1,1,2017_85303,14,11,9,4,15,14,0,4,7,4,3,3,2,4,0,1
681,681,0,1,1,2017_89146,191,96,138,108,88,75,14,44,64,33,27,8,127,27,28,25
278,278,1,1,1,2015_29730,15,2,5,1,4,6,3,0,2,0,11,1,0,2,4,2
312,312,0,1,1,2014_44102,48,18,22,5,6,10,8,21,7,21,4,8,4,1,8,3
105,105,0,1,1,2017_15145,9,5,0,0,2,0,1,2,2,2,1,6,1,0,0,2
324,324,1,1,1,2016_44104,8,3,0,0,0,0,1,0,0,0,0,0,0,3,0,1
644,644,0,1,1,2014_89108,74,35,62,32,48,28,16,10,31,9,12,10,22,15,12,8
655,655,1,1,1,2015_89115,46,14,28,9,39,56,6,5,28,4,21,6,5,15,9,6
156,156,0,1,1,2014_22827,0,0,0,0,0,1,0,0,0,0,0,0,0,0,0,0
232,232,0,1,1,2017_28208,91,53,33,12,23,21,17,20,17,19,30,7,10,22,10,15
554,554,1,1,1,2013_85203,32,21,22,15,21,16,3,3,12,3,5,5,17,5,6,4
361,361,0,1,1,2013_44119,9,4,0,1,0,1,5,2,0,2,0,1,1,0,0,2
274,274,0,1,1,2015_29720,1,0,0,0,0,0,0,0,0,0,0,0,0,0,0,0
358,358,1,1,1,2015_44117,5,1,1,0,0,1,0,0,1,0,0,0,0,2,1,1
153,153,1,1,1,2015_16502,0,0,0,0,0,0,0,0,0,0,0,0,0,0,0,0
84,84,0,1,1,2014_15133,1,0,0,0,0,0,0,0,0,0,0,1,0,0,0,0
34,34,1,1,1,2013_15067,1,0,0,0,0,0,1,0,0,0,0,0,0,0,0,0
452,452,0,1,1,2013_53703,204,106,79,27,22,8,35,90,12,85,45,16,14,10,11,25
266,266,0,1,1,2015_29204,0,0,0,0,0,0,0,0,0,0,1,0,0,0,0,0
590,590,0,0,1,2013_85323,44,22,28,16,9,29,6,1,13,1,5,6,5,16,7,7
50,50,0,0,0,2014_15104,2,1,0,0,0,0,0,2,0,2,0,0,0,0,0,1
543,543,0,0,0,2017_85051,79,37,70,27,43,26,13,16,23,14,14,8,25,12,7,12
99,99,0,0,0,2016_15144,6,2,1,0,0,0,1,0,0,0,1,3,0,0,0,1
439,439,0,0,1,2013_44312,1,0,0,0,0,0,0,0,0,0,0,1,0,0,0,0
218,218,0,0,0,2017_28164,10,1,2,0,0,0,3,0,0,0,0,0,0,3,1,1
637,637,0,0,0,2017_89104,154,87,138,62,58,105,16,54,62,37,48,17,58,35,24,11
679,679,0,0,0,2015_89146,182,90,119,84,73,70,12,45,67,36,25,7,94,24,26,22
21,21,0,0,0,2014_15035,2,2,1,0,1,1,1,1,1,1,0,1,0,0,0,1
652,652,0,0,0,2017_89110,61,28,39,20,32,29,8,7,20,7,8,10,27,19,1,4
676,676,0,0,0,2016_89142,15,8,7,14,11,6,2,2,3,2,1,3,2,2,5,1
559,559,0,0,0,2013_85205,49,25,31,17,27,18,13,7,23,6,10,6,24,7,11,12
583,583,0,0,1,2016_85303,15,12,9,3,14,17,0,3,6,3,2,3,1,5,0,1
23,23,0,0,0,2016_15035,2,1,2,0,1,2,0,0,1,0,0,1,0,0,0,2
294,294,0,0,1,2017_44035,68,21,20,11,12,13,24,10,5,9,9,12,5,15,4,13
367,367,0,0,1,2014_44120,24,9,9,2,3,3,2,4,4,4,1,4,1,0,1,2
334,334,0,0,0,2016_44106,88,41,12,8,6,4,9,30,5,27,25,9,7,8,7,16
600,600,0,0,1,2013_85345,61,28,41,14,32,24,8,13,18,10,9,9,9,11,12,8
617,617,0,0,1,2013_89015,82,45,45,23,14,27,14,9,9,8,20,8,21,25,17,10
627,627,0,0,0,2017_89101,185,113,89,34,103,42,34,106,67,88,89,17,31,17,41,33
102,102,0,0,0,2014_15145,3,1,1,0,0,0,0,0,0,0,2,3,1,0,0,0
94,94,0,0,0,2015_15140,0,2,0,0,0,1,0,0,0,0,0,0,0,0,0,0
536,536,0,0,0,2015_85043,34,19,19,8,24,20,5,2,16,2,17,4,3,10,2,8
135,135,0,0,0,2017_15212,77,42,10,3,9,5,17,39,6,35,23,15,3,2,9,13
475,475,0,0,1,2016_61802,23,16,21,7,15,17,6,5,9,3,9,3,2,4,6,2
329,329,0,0,0,2016_44105,11,3,4,2,2,2,2,2,1,2,3,0,1,2,1,1
172,172,0,0,0,2013_28034,4,1,0,0,0,0,0,0,0,0,0,0,0,0,0,0
284,284,0,0,1,2016_29745,2,1,1,0,0,1,1,0,0,0,0,0,0,0,0,0
315,315,0,0,0,2017_44102,54,24,25,10,3,8,11,27,4,25,5,8,4,4,7,6
391,391,0,0,1,2014_44129,48,18,20,7,4,18,14,11,5,9,5,8,5,9,3,5
393,393,0,0,1,2013_44132,2,0,3,0,1,1,0,0,1,0,0,0,0,0,0,1
418,418,0,0,0,2017_44144,44,18,14,4,6,7,17,12,4,12,6,6,5,6,4,5
607,607,0,0,0,2013_85353,17,9,11,9,4,7,3,2,2,1,2,3,2,3,2,1
534,534,0,0,1,2013_85043,18,8,13,1,20,10,3,0,12,0,10,2,1,6,2,3
425,425,0,0,0,2014_44203,2,2,0,0,0,1,1,1,0,1,1,0,0,0,1,0
360,360,0,0,0,2017_44117,7,3,0,0,0,2,0,0,0,0,2,1,0,1,1,2
256,256,0,0,1,2015_28217,87,43,49,19,44,46,18,15,24,11,44,5,8,10,12,10
62,62,0,0,0,2014_15112,1,0,0,0,0,1,0,1,0,1,0,0,0,0,0,0
61,61,0,0,0,2013_15112,2,0,0,0,0,0,0,1,0,1,0,0,0,0,0,0
282,282,0,0,1,2014_29745,1,0,1,0,0,1,1,0,0,0,0,0,0,0,0,0
158,158,0,0,0,2014_23231,0,0,0,0,0,0,0,0,0,0,0,0,0,0,0,0
260,260,0,0,0,2015_28227,62,26,21,17,19,25,13,10,7,10,7,7,10,12,5,13
242,242,0,0,1,2017_28213,57,28,24,26,19,22,9,6,13,4,10,6,9,14,5,5
489,489,0,0,0,2016_85007,33,14,14,4,18,15,4,6,20,4,11,3,3,3,14,5
231,231,0,0,1,2016_28208,90,47,27,12,24,22,20,19,18,17,24,9,12,21,11,15
469,469,0,0,0,2014_61801,61,32,14,7,12,6,6,7,11,5,15,8,9,8,12,9
190,190,0,0,0,2016_28081,9,3,2,1,1,2,2,1,0,1,1,2,0,0,1,0
440,440,0,0,0,2017_44312,1,0,0,0,0,0,0,0,0,0,0,1,0,0,0,0
653,653,0,0,1,2013_89115,42,14,11,6,19,26,7,4,10,4,17,5,0,12,5,3
540,540,0,0,1,2014_85051,71,34,50,25,25,17,15,14,17,13,12,8,18,8,7,9
309,309,0,0,0,2017_44055,5,1,0,0,1,1,0,0,1,0,0,3,0,0,0,0
410,410,0,0,1,2014_44142,19,3,1,1,5,10,3,3,4,3,7,5,1,4,2,3
29,29,0,0,0,2017_15045,3,0,1,0,0,0,1,0,1,0,0,1,0,0,0,0
118,118,0,0,0,2015_15204,0,0,0,0,2,1,0,0,0,0,1,0,0,0,0,0
202,202,0,0,0,2013_28112,0,0,0,0,1,0,0,0,0,0,0,0,0,0,0,0
468,468,0,0,0,2013_61801,53,29,15,7,2,4,6,7,7,4,14,8,6,7,8,7
336,336,0,0,1,2013_44109,35,15,9,3,6,3,11,8,2,8,1,6,2,8,3,3
685,685,0,0,0,2016_89156,13,10,8,4,9,7,1,3,3,3,0,2,2,3,4,1
354,354,0,0,1,2016_44112,7,3,2,2,1,1,0,0,1,0,0,3,0,1,0,1
185,185,0,0,1,2016_28054,67,21,31,20,5,16,17,9,6,9,11,7,21,17,8,10
662,662,0,0,0,2017_89119,310,180,252,107,132,59,54,113,105,95,87,25,114,55,56,46
240,240,0,0,1,2015_28213,45,23,24,23,13,15,6,4,11,3,7,7,6,8,4,5
463,463,0,0,0,2015_53714,13,8,6,3,5,10,2,3,6,3,3,1,4,0,5,0
307,307,0,0,0,2015_44055,5,2,0,0,0,0,0,1,0,0,1,2,0,0,1,0
262,262,0,0,1,2017_28227,72,28,32,19,33,24,12,13,21,13,8,10,8,15,8,16
230,230,0,0,1,2015_28208,89,49,31,10,11,19,19,17,14,15,24,9,11,24,7,14
252,252,0,0,0,2016_28216,64,31,61,20,29,15,14,8,24,7,14,4,10,23,6,10
636,636,0,0,1,2016_89104,145,83,129,61,55,94,13,52,55,38,55,16,56,32,21,12
487,487,0,0,1,2014_85007,32,12,14,6,14,11,4,8,10,6,9,2,2,3,7,4
651,651,0,0,0,2016_89110,57,27,37,22,29,31,8,8,22,8,4,9,25,18,1,6
141,141,0,0,0,2013_15221,20,10,1,4,2,5,1,3,1,3,0,5,3,2,2,5
397,397,0,0,0,2017_44132,6,0,2,0,4,3,1,0,1,0,2,1,2,2,0,1
643,643,0,0,0,2013_89108,65,33,56,20,36,22,14,10,23,10,11,9,13,9,10,6
431,431,0,0,0,2015_44266,1,2,0,3,0,0,0,0,0,0,0,0,0,0,1,0
183,183,0,0,0,2014_28054,55,14,23,9,3,10,16,7,1,7,13,4,12,9,3,11
175,175,0,0,1,2016_28034,13,6,1,0,0,0,1,0,0,0,3,1,0,6,0,0
706,706,0,0,0,2015_95966,0,0,0,0,1,0,0,0,0,0,0,0,0,0,0,0
444,444,0,0,0,2017_44314,1,1,0,0,0,0,0,0,0,0,0,0,0,0,0,0
1,1,0,0,0,2016_15240,1,1,0,0,0,0,0,0,0,0,0,0,1,0,0,0
500,500,0,0,0,2017_85015,56,30,42,34,35,26,5,8,26,7,5,6,46,21,10,10
18,18,0,0,0,2015_15034,4,1,1,0,0,0,0,0,0,0,0,3,0,1,0,1
148,148,0,0,0,2014_15226,24,14,7,2,3,9,3,4,3,3,0,5,1,2,3,2
126,126,0,0,0,2013_15210,13,5,4,1,4,0,1,0,1,0,0,4,0,2,1,0
228,228,0,0,1,2013_28208,59,30,21,4,9,11,16,15,10,12,19,4,6,16,5,7
277,277,0,0,0,2014_29730,15,2,3,0,3,3,4,0,1,0,7,1,0,4,2,2
100,100,0,0,0,2017_15144,7,3,0,1,0,0,1,0,0,0,0,4,1,0,0,1
566,566,0,0,1,2014_85208,8,4,7,2,4,3,1,0,2,0,1,0,4,4,2,2
382,382,0,0,0,2014_44127,1,0,0,0,0,0,0,0,0,0,0,1,0,1,0,0
180,180,0,0,0,2016_28052,20,11,5,2,2,2,3,4,0,4,5,2,0,2,0,3
147,147,0,0,0,2017_15223,13,5,7,3,4,2,4,3,1,3,1,4,0,0,1,0
459,459,0,0,0,2016_53713,41,25,25,6,32,26,14,14,15,11,16,4,2,10,8,5
134,134,0,0,1,2016_15212,72,34,8,5,11,4,17,37,4,35,24,14,4,2,10,12
646,646,0,0,0,2016_89108,80,38,81,37,81,44,15,10,50,10,19,12,22,18,16,10
589,589,0,0,0,2017_85307,11,7,5,4,9,9,2,3,4,2,2,1,3,6,3,2
318,318,0,0,1,2015_44103,21,12,4,2,3,2,6,2,3,1,2,3,0,2,0,0
477,477,0,0,1,2014_61820,160,69,81,42,35,19,21,42,30,40,26,20,20,21,8,20
204,204,0,0,0,2016_28112,0,0,0,0,1,0,0,0,0,0,0,0,0,0,0,0
16,16,0,0,1,2013_15034,1,0,1,0,0,0,0,1,0,1,0,1,0,0,0,0
609,609,0,0,0,2015_85353,23,11,14,10,9,10,2,2,7,1,5,3,4,4,4,2
201,201,0,0,0,2017_28098,2,0,3,0,0,3,1,0,1,0,0,0,0,1,0,1
305,305,0,0,1,2013_44055,2,1,1,0,0,0,0,0,0,0,0,2,2,0,0,0
142,142,0,0,0,2014_15221,24,9,4,3,8,6,1,3,5,3,0,7,3,3,2,6
328,328,0,0,1,2015_44105,10,2,4,2,2,1,2,2,2,1,1,1,0,1,1,1
88,88,0,0,0,2013_15137,8,4,4,0,0,2,2,2,0,2,0,1,0,2,1,2
542,542,0,0,1,2016_85051,74,34,65,27,40,20,12,18,27,15,14,8,24,12,6,12
572,572,0,0,1,2015_85281,300,169,193,69,155,130,49,83,102,74,75,35,41,41,71,65
166,166,0,0,1,2014_28025,49,19,13,5,4,3,10,4,4,4,9,6,6,8,5,9
686,686,0,0,0,2017_89156,14,8,9,6,9,6,1,4,3,4,1,2,1,4,3,2
498,498,0,0,1,2015_85015,51,26,42,30,32,23,5,5,17,4,3,6,42,18,6,9
287,287,0,0,0,2015_34667,1,0,0,0,0,0,1,0,0,0,0,0,0,1,0,0
620,620,0,0,1,2016_89015,85,43,63,34,45,44,14,10,40,9,15,11,41,28,22,14
419,419,0,0,1,2013_44146,19,5,11,3,8,17,7,7,1,6,4,0,0,5,2,3
705,705,0,0,0,2014_95966,0,0,0,0,1,0,0,0,0,0,0,0,0,0,0,0
515,515,0,0,1,2014_85033,37,13,20,14,3,7,3,3,7,3,2,6,8,9,4,1
12,12,0,0,0,2017_15003,14,4,6,0,1,2,4,6,2,6,1,4,0,0,0,3
454,454,0,0,0,2016_53703,236,127,74,35,35,9,38,107,20,102,53,20,18,13,21,27
520,520,0,0,1,2014_85035,35,13,12,2,9,12,10,4,4,3,7,1,6,10,0,4
207,207,0,0,1,2014_28120,13,5,0,3,2,0,3,0,1,0,0,3,1,2,1,1
692,692,0,0,0,2014_90001,0,0,0,0,0,0,0,0,0,0,1,0,0,0,0,0
593,593,0,0,0,2016_85323,59,40,40,28,26,46,9,4,24,4,11,8,13,22,11,8
613,613,0,0,0,2016_85363,6,3,10,2,7,7,2,0,8,0,4,0,4,1,2,1
376,376,0,0,0,2013_44125,20,6,3,1,2,3,7,6,2,6,1,2,3,2,2,3
547,547,0,0,0,2016_85053,55,32,63,24,41,12,8,7,27,5,17,5,27,12,11,11
640,640,0,0,0,2015_89106,46,31,111,23,24,16,5,7,20,2,7,2,66,16,5,7
132,132,0,0,1,2014_15212,60,29,8,5,6,0,14,28,4,24,19,11,2,1,9,6
127,127,0,0,0,2014_15210,12,5,2,4,3,3,1,0,2,0,0,6,0,2,1,1
545,545,0,0,1,2014_85053,50,28,47,15,33,11,6,6,25,5,14,6,18,9,15,7
708,708,0,0,1,2017_95966,0,0,0,0,1,0,0,0,0,0,0,0,0,0,0,0
72,72,0,0,0,2014_15122,23,10,16,0,5,5,12,5,5,5,3,3,2,3,7,3
42,42,0,0,0,2016_15068,35,16,7,5,4,6,8,6,5,5,2,7,1,3,3,3
210,210,0,0,0,2017_28120,17,6,1,3,4,1,4,1,1,1,0,4,2,3,2,2
65,65,0,0,1,2017_15112,2,0,0,0,0,0,0,1,0,1,0,0,0,0,0,0
131,131,0,0,0,2013_15212,52,23,4,4,6,3,10,26,4,22,18,8,2,2,6,6
234,234,0,0,0,2014_28212,18,8,6,2,9,25,4,3,10,2,1,1,3,2,3,2
417,417,0,0,0,2016_44144,45,17,15,8,7,5,16,9,2,9,6,7,6,6,3,5
348,348,0,0,0,2015_44111,60,26,24,9,7,14,9,14,5,12,4,9,5,8,2,4
74,74,0,0,1,2016_15122,31,15,18,3,8,6,12,6,8,6,4,6,4,4,10,5
78,78,0,0,0,2017_15131,13,4,1,5,3,2,3,2,3,2,1,5,1,1,1,3
10,10,0,0,0,2015_15003,8,2,3,0,0,1,2,3,1,3,0,3,0,0,0,2
13,13,0,0,0,2017_15021,0,0,0,0,0,0,0,0,0,0,0,0,0,0,0,0
430,430,0,0,1,2014_44266,1,1,1,0,0,1,0,0,1,0,0,0,0,0,1,0
674,674,0,0,1,2014_89142,11,5,6,8,8,6,1,1,3,1,0,3,1,1,4,0
396,396,0,0,0,2016_44132,5,0,2,0,2,3,1,0,1,0,1,0,2,2,0,1
701,701,0,0,0,2015_93612,0,0,0,0,0,1,0,0,0,0,0,0,0,0,0,0
460,460,0,0,0,2017_53713,41,23,26,5,35,28,13,13,15,11,14,4,3,9,9,6
656,656,0,0,0,2016_89115,47,16,26,6,47,58,7,6,29,5,17,6,9,18,8,6
578,578,0,0,1,2016_85301,100,48,65,45,59,69,7,24,33,21,10,16,19,20,5,14
437,437,0,0,0,2016_44310,34,9,10,3,1,8,9,8,2,8,3,8,3,4,1,3
268,268,0,0,0,2017_29204,0,0,0,0,0,0,0,0,0,0,1,0,0,0,0,0
433,433,0,0,0,2017_44266,1,1,1,2,0,0,0,0,1,0,0,0,0,0,1,0
304,304,0,0,1,2017_44053,19,3,4,2,4,0,1,3,1,2,3,3,3,3,1,2
215,215,0,0,1,2017_28127,1,0,0,0,0,0,0,0,0,0,0,0,0,0,0,0
164,164,0,0,0,2016_28016,0,0,0,0,1,0,0,0,0,0,0,0,0,0,0,0
359,359,0,0,0,2016_44117,8,3,0,0,1,2,0,0,0,0,1,1,0,1,1,2
77,77,0,0,0,2014_15131,12,4,0,2,1,0,4,1,1,1,1,5,0,1,1,2
389,389,0,0,1,2016_44128,27,11,7,2,9,7,3,4,6,4,4,2,2,9,6,2
585,585,0,0,0,2013_85307,7,3,3,1,5,4,2,2,3,2,0,1,1,4,3,1
626,626,0,0,0,2016_89101,190,110,85,33,79,39,32,101,64,85,87,18,29,20,32,30
703,703,0,0,1,2017_93612,0,0,0,0,0,1,0,0,0,0,0,0,0,0,0,0
704,704,0,0,0,2013_95966,0,0,0,0,1,0,0,0,0,0,0,0,0,0,0,0
698,698,0,0,1,2017_92703,0,0,0,1,0,0,0,0,0,0,0,0,0,0,0,0
73,73,0,0,0,2015_15122,27,13,19,2,8,6,11,7,6,7,2,3,2,4,13,3
670,670,0,0,0,2015_89122,40,20,18,9,23,24,9,11,15,8,13,4,5,15,13,3
327,327,0,0,1,2014_44105,7,2,2,1,1,1,2,2,2,1,0,0,0,0,2,1
580,580,0,0,1,2013_85303,12,4,5,2,9,4,0,2,4,1,1,3,1,3,0,0
47,47,0,0,1,2016_15084,16,8,8,3,2,0,7,5,2,5,1,0,1,5,3,3
365,365,0,0,0,2017_44119,21,6,1,2,1,4,5,6,2,4,1,2,1,1,0,4
346,346,0,0,1,2013_44111,47,19,18,4,6,9,10,9,5,8,3,5,4,5,0,4
299,299,0,0,0,2017_44052,13,5,1,0,2,1,3,1,3,1,1,2,0,2,2,2
398,398,0,0,0,2016_44134,50,23,14,13,8,13,7,14,6,14,6,12,3,9,2,8
70,70,0,0,0,2017_15120,42,22,34,7,5,6,11,17,3,15,5,7,4,5,5,6
98,98,0,0,0,2015_15144,8,2,0,2,0,0,1,0,0,0,0,4,1,0,0,1
37,37,0,0,0,2016_15067,2,0,0,0,0,0,1,0,0,0,0,0,0,0,0,1
320,320,0,0,1,2017_44103,23,15,1,0,4,5,5,3,3,2,1,2,0,5,1,2
333,333,0,0,0,2015_44106,85,41,6,5,6,5,8,30,4,27,22,8,4,7,9,14
7,7,0,0,0,2016_12958,1,0,0,0,0,0,1,0,0,0,0,0,0,0,0,1
455,455,0,0,0,2017_53703,245,134,74,35,38,9,38,121,16,116,55,21,16,12,21,33
